{
  "dataset_name": "2days",
  "data_dir": "C:\\Users\\yya_q\\Desktop\\work\\2days",
  "sample_ratio": 0.5,
  "epochs": 50,
  "seed": 42,
  "fold_accuracies": [
    0.577293,
    0.59965,
    0.589161,
    0.56993,
    0.611014
  ],
  "mean_accuracy": 0.5894095642348918,
  "std_accuracy": 0.014818628024171427,
  "fold_balanced_accuracy": [
    0.577428,
    0.600832,
    0.58723,
    0.568473,
    0.609997
  ],
  "mean_balanced_accuracy": 0.5887922312496945,
  "std_balanced_accuracy": 0.015093277095631989,
  "fold_f1": [
    0.573944,
    0.581353,
    0.559099,
    0.543599,
    0.590616
  ],
  "mean_f1": 0.5697223131976065,
  "std_f1": 0.016642777043719897,
  "fold_roc_auc": [
    0.61239,
    0.630911,
    0.628891,
    0.606185,
    0.644427
  ],
  "mean_roc_auc": 0.6245605946996017,
  "std_roc_auc": 0.013708024146666681
}